{"cameraMode":{"drawMode":0,"name":"Shaded","section":"Shading Mode"},"sceneLighting":true,"audioPlay":false,"sceneViewState":{"m_AlwaysRefresh":false,"showFog":true,"showSkybox":true,"showFlares":true,"showImageEffects":true,"showParticleSystems":true,"showVisualEffectGraphs":true,"m_FxEnabled":true},"in2DMode":false,"pivot":{"x":0.009313181042671204,"y":0.07321304082870484,"z":0.08868587017059326},"rotation":{"x":0.07348020374774933,"y":-0.924462616443634,"z":0.23064421117305757,"w":0.2944979965686798},"size":0.05819408595561981,"orthographic":true}